<?xml version="1.0" encoding="UTF-8" standalone="no"?>
<sbml xmlns="http://www.sbml.org/sbml/level3/version2/core" level="3" version="2">
  <model id="Interaction_innate_adaptive_immune_response" name="Interaction_innate_adaptive_immune response">
    <annotation>
      <sbgn xmlns:biouml="http://www.biouml.org/ns">
        <nodes>
          <node id="CD8_temporal_profile" parent="" type="math-equation">
            <nodeLayout height="0" width="0" x="835" y="5"/>
          </node>
          <node id="CD8_temporal_profile_1" parent="" title="IgG_temporal_profile" type="math-equation">
            <nodeLayout height="0" width="0" x="1249" y="5"/>
          </node>
          <node id="CD8_temporal_profile_2" parent="" title="IgM_temporal_profile" type="math-equation">
            <nodeLayout height="0" width="0" x="1580" y="5"/>
          </node>
          <node Structure="" id="D_CD8" multimer="0" parent="" ref="D_CD8" title="  CD8+ &lt;br&gt; T cells" type="macromolecule">
            <nodeLayout height="40" width="70" x="575" y="188"/>
          </node>
          <node Structure="" id="D_IgG" multimer="0" parent="" ref="D_IgG" showTitle="true" title="IgG" type="complex">
            <nodeLayout height="0" width="0" x="195" y="190"/>
          </node>
          <node Structure="" id="D_IgM" multimer="0" parent="" ref="D_IgM" showTitle="true" title="IgM" type="complex">
            <nodeLayout height="0" width="0" x="85" y="190"/>
          </node>
          <node id="Dynamics_target_cells" parent="" type="math-equation">
            <nodeLayout height="0" width="0" x="841" y="260"/>
          </node>
          <node id="Dynamics_virus_count" parent="" type="math-equation">
            <nodeLayout height="0" width="0" x="1029" y="261"/>
          </node>
          <node id="Exponential_growth_rate" parent="" type="math-equation">
            <nodeLayout height="0" width="0" x="1462" y="197"/>
          </node>
          <node Structure="" id="I" multimer="0" parent="" ref="I" title="Infected cells" type="unspecified">
            <nodeLayout height="40" width="70" x="548" y="47"/>
          </node>
          <node id="Infected_cells_initial_value" parent="" type="math-equation">
            <nodeLayout height="0" width="0" x="1029" y="197"/>
          </node>
          <node id="Infected_cells_initial_value_1" parent="" title="Uninfected_cells_initial_value" type="math-equation">
            <nodeLayout height="0" width="0" x="1234" y="197"/>
          </node>
          <node id="R_death_infected_cells" parent="" reactionType="process" ref="R_death_infected_cells" title="I -D_CD8-&gt;" type="reaction">
            <nodeLayout height="15" orientation="right" width="15" x="695" y="106"/>
          </node>
          <node id="R_death_infected_cellsProductSource" parent="" type="source-sink">
            <nodeLayout height="30" width="30" x="755" y="95"/>
          </node>
          <node id="R_death_target_cells" parent="" reactionType="process" ref="R_death_target_cells" title="T -&gt;" type="reaction">
            <nodeLayout height="15" orientation="right" width="15" x="149" y="103"/>
          </node>
          <node id="R_death_target_cellsProductSource" parent="" type="source-sink">
            <nodeLayout height="30" width="30" x="46" y="92"/>
          </node>
          <node id="R_death_virus" parent="" reactionType="process" ref="R_death_virus" title="V -D_IgG, D_IgM-&gt;" type="reaction">
            <nodeLayout height="15" orientation="right" width="15" x="155" y="145"/>
          </node>
          <node id="R_death_virusProductSource" parent="" type="source-sink">
            <nodeLayout height="30" width="30" x="45" y="135"/>
          </node>
          <node id="R_infection_uninfected_target_cells" parent="" reactionType="process" ref="R_infection_uninfected_target_cells" title="T -V-&gt; I" type="reaction">
            <nodeLayout height="15" orientation="right" width="15" x="438" y="60"/>
          </node>
          <node id="R_regeneratation_target_cells" parent="" reactionType="process" ref="R_regeneratation_target_cells" title="-&gt; T" type="reaction">
            <nodeLayout height="15" orientation="right" width="15" x="148" y="60"/>
          </node>
          <node id="R_regeneratation_target_cellsReactantSource" parent="" type="source-sink">
            <nodeLayout height="30" width="30" x="46" y="49"/>
          </node>
          <node id="R_virus_production" parent="" reactionType="process" ref="R_virus_production" title="-I-&gt; V" type="reaction">
            <nodeLayout height="15" orientation="right" width="15" x="518" y="106"/>
          </node>
          <node id="R_virus_productionReactantSource" parent="" type="source-sink">
            <nodeLayout height="30" width="30" x="458" y="95"/>
          </node>
          <node Structure="" id="T" multimer="0" parent="" ref="T" title="Target cells" type="unspecified">
            <nodeLayout height="40" width="70" x="235" y="47"/>
          </node>
          <node id="The_basic_reproductive_ratio" parent="" type="math-equation">
            <nodeLayout height="0" width="0" x="1916" y="5"/>
          </node>
          <node Structure="" id="V" multimer="0" parent="" ref="V" type="macromolecule">
            <nodeLayout height="40" width="70" x="410" y="195"/>
          </node>
          <node id="Virus_initial_value" parent="" type="math-equation">
            <nodeLayout height="0" width="0" x="840" y="197"/>
          </node>
          <node id="time_real" parent="" type="math-equation">
            <nodeLayout height="0" width="0" x="1234" y="260"/>
          </node>
        </nodes>
        <edges>
          <edge edgeType="catalysis" from="D_CD8" id="R_death_infected_cells: D_CD8 as modifier" ref="R_death_infected_cells: D_CD8 as modifier" to="R_death_infected_cells" type="relation-chemical">
            <path>
              <segment segmentType="lineTo" x0="647" y0="210"/>
              <segment segmentType="lineTo" x0="675" y0="210"/>
              <segment segmentType="quadTo" x0="702" y0="210"/>
              <segment segmentType="lineTo" x0="702" y0="166"/>
              <segment segmentType="lineTo" x0="702" y0="121"/>
            </path>
          </edge>
          <edge from="I" id="R_death_infected_cells: I as reactant" ref="R_death_infected_cells: I as reactant" to="R_death_infected_cells" type="relation-chemical">
            <path>
              <segment segmentType="lineTo" x0="675" y0="60"/>
              <segment segmentType="lineTo" x0="689" y0="60"/>
              <segment segmentType="quadTo" x0="702" y0="60"/>
              <segment segmentType="lineTo" x0="702" y0="83"/>
              <segment segmentType="lineTo" x0="702" y0="106"/>
            </path>
          </edge>
          <edge from="R_death_infected_cells" id="R_death_infected_cellsProductSourceEdge" ref="R_death_infected_cellsProductSourceEdge" to="R_death_infected_cellsProductSource" type="production"/>
          <edge from="T" id="R_death_target_cells: T as reactant" ref="R_death_target_cells: T as reactant" to="R_death_target_cells" type="relation-chemical">
            <path>
              <segment segmentType="lineTo" x0="290" y0="87"/>
              <segment segmentType="lineTo" x0="290" y0="99"/>
              <segment segmentType="quadTo" x0="290" y0="110"/>
              <segment segmentType="lineTo" x0="227" y0="110"/>
              <segment segmentType="lineTo" x0="164" y0="110"/>
            </path>
          </edge>
          <edge from="R_death_target_cells" id="R_death_target_cellsProductSourceEdge" ref="R_death_target_cellsProductSourceEdge" to="R_death_target_cellsProductSource" type="production"/>
          <edge edgeType="catalysis" from="D_IgG" id="R_death_virus: D_IgG as modifier" ref="R_death_virus: D_IgG as modifier" to="R_death_virus" type="relation-chemical">
            <path>
              <segment segmentType="lineTo" x0="220" y0="190"/>
              <segment segmentType="lineTo" x0="220" y0="171"/>
              <segment segmentType="quadTo" x0="220" y0="152"/>
              <segment segmentType="lineTo" x0="195" y0="152"/>
              <segment segmentType="lineTo" x0="170" y0="152"/>
            </path>
          </edge>
          <edge edgeType="catalysis" from="D_IgM" id="R_death_virus: D_IgM as modifier" ref="R_death_virus: D_IgM as modifier" to="R_death_virus" type="relation-chemical">
            <path>
              <segment segmentType="lineTo" x0="135" y0="210"/>
              <segment segmentType="lineTo" x0="149" y0="210"/>
              <segment segmentType="quadTo" x0="162" y0="210"/>
              <segment segmentType="lineTo" x0="162" y0="185"/>
              <segment segmentType="lineTo" x0="162" y0="160"/>
            </path>
          </edge>
          <edge from="V" id="R_death_virus: V as reactant" ref="R_death_virus: V as reactant" to="R_death_virus" type="relation-chemical">
            <path>
              <segment segmentType="lineTo" x0="440" y0="195"/>
              <segment segmentType="lineTo" x0="440" y0="173"/>
              <segment segmentType="quadTo" x0="440" y0="152"/>
              <segment segmentType="lineTo" x0="305" y0="152"/>
              <segment segmentType="lineTo" x0="170" y0="152"/>
            </path>
          </edge>
          <edge from="R_death_virus" id="R_death_virusProductSourceEdge" ref="R_death_virusProductSourceEdge" to="R_death_virusProductSource" type="production"/>
          <edge from="R_infection_uninfected_target_cells" id="R_infection_uninfected_target_cells: I as product" ref="R_infection_uninfected_target_cells: I as product" to="I" type="relation-chemical"/>
          <edge from="T" id="R_infection_uninfected_target_cells: T as reactant" ref="R_infection_uninfected_target_cells: T as reactant" to="R_infection_uninfected_target_cells" type="relation-chemical"/>
          <edge edgeType="catalysis" from="V" id="R_infection_uninfected_target_cells: V as modifier" ref="R_infection_uninfected_target_cells: V as modifier" to="R_infection_uninfected_target_cells" type="relation-chemical"/>
          <edge from="R_regeneratation_target_cells" id="R_regeneratation_target_cells: T as product" ref="R_regeneratation_target_cells: T as product" to="T" type="relation-chemical"/>
          <edge from="R_regeneratation_target_cellsReactantSource" id="R_regeneratation_target_cellsReactantSourceEdge" ref="R_regeneratation_target_cellsReactantSourceEdge" to="R_regeneratation_target_cells" type="consumption"/>
          <edge edgeType="catalysis" from="I" id="R_virus_production: I as modifier" ref="R_virus_production: I as modifier" to="R_virus_production" type="relation-chemical">
            <path>
              <segment segmentType="lineTo" x0="610" y0="87"/>
              <segment segmentType="lineTo" x0="610" y0="100"/>
              <segment segmentType="quadTo" x0="610" y0="113"/>
              <segment segmentType="lineTo" x0="572" y0="113"/>
              <segment segmentType="lineTo" x0="533" y0="113"/>
            </path>
          </edge>
          <edge from="R_virus_production" id="R_virus_production: V as product" ref="R_virus_production: V as product" to="V" type="relation-chemical">
            <path>
              <segment segmentType="lineTo" x0="525" y0="121"/>
              <segment segmentType="lineTo" x0="525" y0="166"/>
              <segment segmentType="quadTo" x0="525" y0="210"/>
              <segment segmentType="lineTo" x0="503" y0="210"/>
              <segment segmentType="lineTo" x0="480" y0="210"/>
            </path>
          </edge>
          <edge from="R_virus_productionReactantSource" id="R_virus_productionReactantSourceEdge" ref="R_virus_productionReactantSourceEdge" to="R_virus_production" type="consumption"/>
        </edges>
        <states/>
        <viewOptions>
          <propertyRef name="autoLayout" value="false"/>
          <propertyRef name="pathLayouterWrapper" type="ru.biosoft.graph.PathLayouterWrapper">
            <propertyRef name="pathLayouter" type="ru.biosoft.graph.OrthogonalPathLayouter"/>
          </propertyRef>
          <propertyRef elementType="biouml.model.DiagramElementStyleDeclaration" name="styles" type="array"/>
        </viewOptions>
        <filters elementType="biouml.model.DiagramFilter" type="[Lbiouml.model.DiagramFilter;"/>
      </sbgn>
      <biouml:BIOUML xmlns:biouml="http://www.biouml.org/ns">
        <biouml:diagramInfo/>
        <biouml:simulationInfo type="biouml.plugins.simulation.java.JavaSimulationEngine">
          <property name="algebraicSolver" short-description="algebraicSolver" type="biouml.plugins.simulation.ae.NewtonSolverWrapperEx">
            <property name="maxIts" short-description="maxIts" type="double" value="20000.0"/>
            <property name="tolF" short-description="tolF" type="double" value="1.0E-10"/>
            <property name="tolMin" short-description="tolMin" type="double" value="1.0E-12"/>
            <property name="tolX" short-description="tolX" type="double" value="1.0E-13"/>
          </property>
          <property name="algebraicSolverName" short-description="algebraicSolverName" type="String" value="NewtonSolver"/>
          <property name="completionTime" short-description="completionTime" type="double" value="172.0"/>
          <property name="constraintsViolation" short-description="constraintsViolation" type="String" value="Stop simulation"/>
          <property name="fastReactions" short-description="fastReactions" type="String" value="ODE system"/>
          <property name="initialTime" short-description="initialTime" type="double" value="0.0"/>
          <property name="simulatorOptions" short-description="simulatorOptions" type="biouml.plugins.simulation.ode.jvode.JVodeOptions">
            <property name="atol" short-description="atol" type="double" value="1.0E-20"/>
            <property name="detectIncorrectNumbers" short-description="detectIncorrectNumbers" type="boolean" value="false"/>
            <property name="hMaxInv" short-description="hMaxInv" type="double" value="1.0E-100"/>
            <property name="hMin" short-description="hMin" type="double" value="1.0E-100"/>
            <property name="iterations" short-description="iterations" type="int" value="0"/>
            <property name="jacobianApproximation" short-description="jacobianApproximation" type="int" value="0"/>
            <property name="method" short-description="method" type="int" value="1"/>
            <property name="ml" short-description="ml" type="int" value="0"/>
            <property name="mu" short-description="mu" type="int" value="0"/>
            <property name="rtol" short-description="rtol" type="double" value="1.0E-12"/>
            <property name="statisticsMode" short-description="statisticsMode" type="String" value="On"/>
            <property name="stepsLimit" short-description="stepsLimit" type="int" value="100000"/>
          </property>
          <property name="solverName" short-description="solverName" type="String" value="JVode"/>
          <property name="templateType" short-description="templateType" type="String" value="Auto"/>
          <property name="timeIncrement" short-description="timeIncrement" type="double" value="0.1"/>
        </biouml:simulationInfo>
        <biouml:plotInfo>
          <plot active="true" autoColorNumber="5" title="Figure 3. Corona virus infection in human host: normalized temporal profile for CTL, IgM and IgG" xAutoRange="true" xAxisType="Number" yAutoRange="true" yAxisType="Number">
            <xVariable name="time_real" path="" title="Time (days)"/>
            <yVariable name="$D_CD8" path="" pen="2.0;cyan;Solid" title="CTL" type="Value"/>
            <yVariable name="$D_IgG" path="" pen="2.0;#660;Solid" title="IgG" type="Value"/>
            <yVariable name="$D_IgM" path="" pen="2.0;yellow;Solid" title="IgM" type="Value"/>
          </plot>
          <plot active="true" autoColorNumber="1" title="The basic reproductive ratio" xAutoRange="true" xAxisType="Number" yAutoRange="true" yAxisType="Number">
            <xVariable name="time_real" path="" title="Time (days)"/>
            <yVariable name="R" path="" pen="2.0;#F55;Solid" title="R" type="Value"/>
          </plot>
          <plot active="true" autoColorNumber="1" title="Figure 3. Corona virus infection in human host: Target cells" xAutoRange="true" xAxisType="Number" yAutoRange="true" yAxisType="Number">
            <xVariable name="time_real" path="" title="Time (days)"/>
            <yVariable name="Target_cells" path="" pen="2.0;#0000BF;Solid" title="Target cells" type="Value"/>
          </plot>
          <plot active="true" autoColorNumber="3" title="Figure 3. Corona virus infection in human host: Virus count (with adaptive immune response)" xAutoRange="true" xAxisType="Number" yAutoRange="true" yAxisType="Number">
            <xVariable name="time_real" path="" title="Time (days)"/>
            <yVariable name="Virus_count" path="" pen="2.0;magenta;Solid" title="Log 10 (Virus counts)" type="Value"/>
          </plot>
          <plot active="true" autoColorNumber="3" title="Infected cells" xAutoRange="true" xAxisType="Number" yAutoRange="true" yAxisType="Number">
            <xVariable name="time_real" path="" title="Time (days)"/>
            <yVariable name="$I" path="" pen="2.0;#F55;Solid" title="Infected cells" type="Value"/>
          </plot>
        </biouml:plotInfo>
        <biouml:viewOptions autoLayout="false" dependencyEdges="false"/>
      </biouml:BIOUML>
    </annotation>
    <listOfCompartments>
      <compartment constant="false" id="default" name="Interaction_innate_adaptive_immune response" size="1" spatialDimensions="3">
        <annotation>
          <biouml:BIOUML xmlns:biouml="http://www.biouml.org/ns">
            <biouml:compartmentInfo completeName="default" height="261" isDefault="true" isTitleHidden="false" shape="0" title="Interaction_innate_adaptive_immune response" width="1916" x="0" y="0"/>
          </biouml:BIOUML>
        </annotation>
      </compartment>
    </listOfCompartments>
    <listOfSpecies>
      <species boundaryCondition="false" compartment="default" constant="false" hasOnlySubstanceUnits="false" id="D_CD8" initialAmount="0.0" name="  CD8+ &lt;br&gt; T cells">
        <annotation>
          <biouml:BIOUML xmlns:biouml="http://www.biouml.org/ns">
            <biouml:nodeInfo completeName="D_CD8" height="40" isTitleHidden="false" title="  CD8+ &lt;br&gt; T cells" width="70" x="575" y="188"/>
            <biouml:variableInfo comment="Normalized profile forCD8T cells killing activity "/>
            <biouml:specieInfo type="macromolecule"/>
          </biouml:BIOUML>
        </annotation>
      </species>
      <species boundaryCondition="false" compartment="default" constant="false" hasOnlySubstanceUnits="false" id="D_IgG" initialAmount="0.0" name="IgG">
        <annotation>
          <biouml:BIOUML xmlns:biouml="http://www.biouml.org/ns">
            <biouml:nodeInfo completeName="D_IgG" height="0" isTitleHidden="false" title="IgG" width="0" x="195" y="190"/>
            <biouml:variableInfo comment="Normalized profile for serum IgG antibody activity "/>
            <biouml:specieInfo type="complex"/>
          </biouml:BIOUML>
        </annotation>
      </species>
      <species boundaryCondition="false" compartment="default" constant="false" hasOnlySubstanceUnits="false" id="D_IgM" initialAmount="0.0" name="IgM">
        <annotation>
          <biouml:BIOUML xmlns:biouml="http://www.biouml.org/ns">
            <biouml:nodeInfo completeName="D_IgM" height="0" isTitleHidden="false" title="IgM" width="0" x="85" y="190"/>
            <biouml:variableInfo comment="Normalized profile for serum IgM antibody activity "/>
            <biouml:specieInfo type="complex"/>
          </biouml:BIOUML>
        </annotation>
      </species>
      <species boundaryCondition="false" compartment="default" constant="false" hasOnlySubstanceUnits="false" id="I" initialAmount="0.0" name="Infected cells">
        <annotation>
          <biouml:BIOUML xmlns:biouml="http://www.biouml.org/ns">
            <biouml:nodeInfo completeName="I" height="40" isTitleHidden="false" title="Infected cells" width="70" x="548" y="47"/>
            <biouml:variableInfo comment="Infected cells"/>
            <biouml:specieInfo type="unspecified"/>
          </biouml:BIOUML>
        </annotation>
      </species>
      <species boundaryCondition="false" compartment="default" constant="false" hasOnlySubstanceUnits="false" id="T" initialAmount="0.0" name="Target cells">
        <annotation>
          <biouml:BIOUML xmlns:biouml="http://www.biouml.org/ns">
            <biouml:nodeInfo completeName="T" height="40" isTitleHidden="false" title="Target cells" width="70" x="235" y="47"/>
            <biouml:variableInfo comment="Uninfected target cells"/>
            <biouml:specieInfo type="unspecified"/>
          </biouml:BIOUML>
        </annotation>
      </species>
      <species boundaryCondition="false" compartment="default" constant="false" hasOnlySubstanceUnits="false" id="V" initialAmount="0.0">
        <annotation>
          <biouml:BIOUML xmlns:biouml="http://www.biouml.org/ns">
            <biouml:nodeInfo completeName="V" height="40" isTitleHidden="false" title="V" width="70" x="410" y="195"/>
            <biouml:variableInfo comment="Virus"/>
            <biouml:specieInfo type="macromolecule"/>
          </biouml:BIOUML>
        </annotation>
      </species>
    </listOfSpecies>
    <listOfParameters>
      <parameter constant="false" id="A_alpha" name="A_alpha" value="2.667E13">
        <notes>
          <body xmlns="http://www.w3.org/1999/xhtml">Effective surface area of the tissue and Ratio of the number of virus particles and the numberof virions</body>
        </notes>
        <annotation>
          <biouml:BIOUML xmlns:biouml="http://www.biouml.org/ns">
            <biouml:variableInfo comment="Effective surface area of the tissue and Ratio of the number of virus particles and the numberof virions"/>
          </biouml:BIOUML>
        </annotation>
      </parameter>
      <parameter constant="false" id="I_0" name="Infected cells_initial" value="10.0">
        <notes>
          <body xmlns="http://www.w3.org/1999/xhtml">Infected cells at the time</body>
        </notes>
        <annotation>
          <biouml:BIOUML xmlns:biouml="http://www.biouml.org/ns">
            <biouml:variableInfo comment="Infected cells at the time"/>
          </biouml:BIOUML>
        </annotation>
      </parameter>
      <parameter constant="false" id="R" name="R" value="0.0">
        <notes>
          <body xmlns="http://www.w3.org/1999/xhtml">The basic reproductive ratio</body>
        </notes>
        <annotation>
          <biouml:BIOUML xmlns:biouml="http://www.biouml.org/ns">
            <biouml:variableInfo comment="The basic reproductive ratio"/>
          </biouml:BIOUML>
        </annotation>
      </parameter>
      <parameter constant="false" id="R_0" name="R_0" value="7.03">
        <notes>
          <body xmlns="http://www.w3.org/1999/xhtml">The native R at time=0.0</body>
        </notes>
        <annotation>
          <biouml:BIOUML xmlns:biouml="http://www.biouml.org/ns">
            <biouml:variableInfo comment="The native R at time=0.0"/>
          </biouml:BIOUML>
        </annotation>
      </parameter>
      <parameter constant="false" id="T_0" name="Target cells_initial" value="1.0E12">
        <notes>
          <body xmlns="http://www.w3.org/1999/xhtml">Target cells at the time</body>
        </notes>
        <annotation>
          <biouml:BIOUML xmlns:biouml="http://www.biouml.org/ns">
            <biouml:variableInfo comment="Target cells at the time"/>
          </biouml:BIOUML>
        </annotation>
      </parameter>
      <parameter constant="false" id="Target_cells" name="Target_cells" value="0.0"/>
      <parameter constant="false" id="V_0" name="Virus count_initial" value="100.0">
        <notes>
          <body xmlns="http://www.w3.org/1999/xhtml">Total virus particles at the time</body>
        </notes>
        <annotation>
          <biouml:BIOUML xmlns:biouml="http://www.biouml.org/ns">
            <biouml:variableInfo comment="Total virus particles at the time"/>
          </biouml:BIOUML>
        </annotation>
      </parameter>
      <parameter constant="false" id="Virus_count" name="Virus_count" value="0.0"/>
      <parameter constant="false" id="c_tau" name="c_tau" value="0.4">
        <notes>
          <body xmlns="http://www.w3.org/1999/xhtml">% of virus particle cleared during each cycle</body>
        </notes>
        <annotation>
          <biouml:BIOUML xmlns:biouml="http://www.biouml.org/ns">
            <biouml:variableInfo comment="% of virus particle cleared during each cycle"/>
          </biouml:BIOUML>
        </annotation>
      </parameter>
      <parameter constant="false" id="d_tau" name="d_tau" value="2.9E-4">
        <notes>
          <body xmlns="http://www.w3.org/1999/xhtml">% of normal target cells died during each cycle</body>
        </notes>
        <annotation>
          <biouml:BIOUML xmlns:biouml="http://www.biouml.org/ns">
            <biouml:variableInfo comment="% of normal target cells died during each cycle"/>
          </biouml:BIOUML>
        </annotation>
      </parameter>
      <parameter constant="false" id="delta_tau" name="delta_tau" value="0.4">
        <notes>
          <body xmlns="http://www.w3.org/1999/xhtml">% of infected cells died during each cycle</body>
        </notes>
        <annotation>
          <biouml:BIOUML xmlns:biouml="http://www.biouml.org/ns">
            <biouml:variableInfo comment="% of infected cells died during each cycle"/>
          </biouml:BIOUML>
        </annotation>
      </parameter>
      <parameter constant="false" id="eps_c" name="eps_c" value="0.0">
        <notes>
          <body xmlns="http://www.w3.org/1999/xhtml">the effect of immune-suppressing drugs that block death of virus particles</body>
        </notes>
        <annotation>
          <biouml:BIOUML xmlns:biouml="http://www.biouml.org/ns">
            <biouml:variableInfo comment="the effect of immune-suppressing drugs that block death of virus particles"/>
          </biouml:BIOUML>
        </annotation>
      </parameter>
      <parameter constant="false" id="eps_delta" name="eps_delta" value="0.0">
        <notes>
          <body xmlns="http://www.w3.org/1999/xhtml">the effect of immune-suppressing drugs that block death of infected cells</body>
        </notes>
        <annotation>
          <biouml:BIOUML xmlns:biouml="http://www.biouml.org/ns">
            <biouml:variableInfo comment="the effect of immune-suppressing drugs that block death of infected cells"/>
          </biouml:BIOUML>
        </annotation>
      </parameter>
      <parameter constant="false" id="eps_k" name="eps_k" value="0.0">
        <notes>
          <body xmlns="http://www.w3.org/1999/xhtml">the effect of antiviral drugs that block infection</body>
        </notes>
        <annotation>
          <biouml:BIOUML xmlns:biouml="http://www.biouml.org/ns">
            <biouml:variableInfo comment="the effect of antiviral drugs that block infection"/>
          </biouml:BIOUML>
        </annotation>
      </parameter>
      <parameter constant="false" id="eps_pi" name="eps_pi" value="0.0">
        <notes>
          <body xmlns="http://www.w3.org/1999/xhtml">the effect of antiviral drugs that block production of viral particles</body>
        </notes>
        <annotation>
          <biouml:BIOUML xmlns:biouml="http://www.biouml.org/ns">
            <biouml:variableInfo comment="the effect of antiviral drugs that block production of viral particles"/>
          </biouml:BIOUML>
        </annotation>
      </parameter>
      <parameter constant="false" id="gamma_tau" name="gamma_tau" value="0.0"/>
      <parameter constant="false" id="k_CD8" name="k_CD8" value="0.3">
        <notes>
          <body xmlns="http://www.w3.org/1999/xhtml">Activity level for CD8+ cells</body>
        </notes>
        <annotation>
          <biouml:BIOUML xmlns:biouml="http://www.biouml.org/ns">
            <biouml:variableInfo comment="Activity level for CD8+ cells"/>
          </biouml:BIOUML>
        </annotation>
      </parameter>
      <parameter constant="false" id="k_IgG" name="k_IgG" value="0.3">
        <notes>
          <body xmlns="http://www.w3.org/1999/xhtml">Activity level for IgG antibody</body>
        </notes>
        <annotation>
          <biouml:BIOUML xmlns:biouml="http://www.biouml.org/ns">
            <biouml:variableInfo comment="Activity level for IgG antibody"/>
          </biouml:BIOUML>
        </annotation>
      </parameter>
      <parameter constant="false" id="k_IgM" name="k_IgM" value="0.3">
        <notes>
          <body xmlns="http://www.w3.org/1999/xhtml">Activity level for IgM antibody</body>
        </notes>
        <annotation>
          <biouml:BIOUML xmlns:biouml="http://www.biouml.org/ns">
            <biouml:variableInfo comment="Activity level for IgM antibody"/>
          </biouml:BIOUML>
        </annotation>
      </parameter>
      <parameter constant="false" id="k_tau" name="k_tau" value="0.3">
        <notes>
          <body xmlns="http://www.w3.org/1999/xhtml">% target cells infected during each cycle by unitdensity of virions</body>
        </notes>
        <annotation>
          <biouml:BIOUML xmlns:biouml="http://www.biouml.org/ns">
            <biouml:variableInfo comment="% target cells infected during each cycle by unitdensity of virions"/>
          </biouml:BIOUML>
        </annotation>
      </parameter>
      <parameter constant="false" id="pi_tau" name="pi_tau" value="100.0">
        <notes>
          <body xmlns="http://www.w3.org/1999/xhtml">Number of virus particles each infected cell producesduring each cycle</body>
        </notes>
        <annotation>
          <biouml:BIOUML xmlns:biouml="http://www.biouml.org/ns">
            <biouml:variableInfo comment="Number of virus particles each infected cell producesduring each cycle"/>
          </biouml:BIOUML>
        </annotation>
      </parameter>
      <parameter constant="false" id="tau" name="tau" value="7.0">
        <notes>
          <body xmlns="http://www.w3.org/1999/xhtml">Average cycle time for virus replication</body>
        </notes>
        <annotation>
          <biouml:BIOUML xmlns:biouml="http://www.biouml.org/ns">
            <biouml:variableInfo comment="Average cycle time for virus replication"/>
          </biouml:BIOUML>
        </annotation>
      </parameter>
      <parameter constant="false" id="time_CD8" name="time_CD8" value="30.857">
        <notes>
          <body xmlns="http://www.w3.org/1999/xhtml">the peak time of CD8+ cells activity</body>
        </notes>
        <annotation>
          <biouml:BIOUML xmlns:biouml="http://www.biouml.org/ns">
            <biouml:variableInfo comment="the peak time of CD8+ cells activity"/>
          </biouml:BIOUML>
        </annotation>
      </parameter>
      <parameter constant="false" id="time_IgG" name="time_IgG" value="34.286">
        <notes>
          <body xmlns="http://www.w3.org/1999/xhtml">the peak time of IgG antibodies activity</body>
        </notes>
        <annotation>
          <biouml:BIOUML xmlns:biouml="http://www.biouml.org/ns">
            <biouml:variableInfo comment="the peak time of IgG antibodies activity"/>
          </biouml:BIOUML>
        </annotation>
      </parameter>
      <parameter constant="false" id="time_IgM" name="time_IgM" value="27.4286">
        <notes>
          <body xmlns="http://www.w3.org/1999/xhtml">the peak time of IgM antibodies activity</body>
        </notes>
        <annotation>
          <biouml:BIOUML xmlns:biouml="http://www.biouml.org/ns">
            <biouml:variableInfo comment="the peak time of IgM antibodies activity"/>
          </biouml:BIOUML>
        </annotation>
      </parameter>
      <parameter constant="false" id="time_real" name="time_real" value="0.0"/>
      <parameter constant="false" id="w_CD8_f" name="w_CD8_f" value="34.286">
        <notes>
          <body xmlns="http://www.w3.org/1999/xhtml">the falling width of CD8+ cells</body>
        </notes>
        <annotation>
          <biouml:BIOUML xmlns:biouml="http://www.biouml.org/ns">
            <biouml:variableInfo comment="the falling width of CD8+ cells"/>
          </biouml:BIOUML>
        </annotation>
      </parameter>
      <parameter constant="false" id="w_CD8_r" name="w_CD8_r" value="6.857">
        <notes>
          <body xmlns="http://www.w3.org/1999/xhtml">the rising width of CD8+ cells</body>
        </notes>
        <annotation>
          <biouml:BIOUML xmlns:biouml="http://www.biouml.org/ns">
            <biouml:variableInfo comment="the rising width of CD8+ cells"/>
          </biouml:BIOUML>
        </annotation>
      </parameter>
      <parameter constant="false" id="w_IgG_f" name="w_IgG_f" value="137.143">
        <notes>
          <body xmlns="http://www.w3.org/1999/xhtml">the falling width of IgG antibodies</body>
        </notes>
        <annotation>
          <biouml:BIOUML xmlns:biouml="http://www.biouml.org/ns">
            <biouml:variableInfo comment="the falling width of IgG antibodies"/>
          </biouml:BIOUML>
        </annotation>
      </parameter>
      <parameter constant="false" id="w_IgG_r" name="w_IgG_r" value="34.286">
        <notes>
          <body xmlns="http://www.w3.org/1999/xhtml">the rising width of IgG antibodies</body>
        </notes>
        <annotation>
          <biouml:BIOUML xmlns:biouml="http://www.biouml.org/ns">
            <biouml:variableInfo comment="the rising width of IgG antibodies"/>
          </biouml:BIOUML>
        </annotation>
      </parameter>
      <parameter constant="false" id="w_IgM_f" name="w_IgM_f" value="34.286">
        <notes>
          <body xmlns="http://www.w3.org/1999/xhtml">the falling width of IgM antibodies</body>
        </notes>
        <annotation>
          <biouml:BIOUML xmlns:biouml="http://www.biouml.org/ns">
            <biouml:variableInfo comment="the falling width of IgM antibodies"/>
          </biouml:BIOUML>
        </annotation>
      </parameter>
      <parameter constant="false" id="w_IgM_r" name="w_IgM_r" value="6.857">
        <notes>
          <body xmlns="http://www.w3.org/1999/xhtml">the rising width of IgM antibodies</body>
        </notes>
        <annotation>
          <biouml:BIOUML xmlns:biouml="http://www.biouml.org/ns">
            <biouml:variableInfo comment="the rising width of IgM antibodies"/>
          </biouml:BIOUML>
        </annotation>
      </parameter>
    </listOfParameters>
    <listOfInitialAssignments>
      <initialAssignment metaid="Infected_cells_initial_value" symbol="I">
        <annotation>
          <biouml:BIOUML xmlns:biouml="http://www.biouml.org/ns">
            <biouml:nodeInfo completeName="Infected_cells_initial_value" height="0" isTitleHidden="false" title="Infected_cells_initial_value" width="0" x="1029" y="197"/>
          </biouml:BIOUML>
        </annotation>
        <math xmlns="http://www.w3.org/1998/Math/MathML">
          <ci>I_0</ci>
        </math>
      </initialAssignment>
      <initialAssignment metaid="Infected_cells_initial_value_1" symbol="T">
        <annotation>
          <biouml:BIOUML xmlns:biouml="http://www.biouml.org/ns">
            <biouml:nodeInfo completeName="Infected_cells_initial_value_1" height="0" isTitleHidden="false" title="Uninfected_cells_initial_value" width="0" x="1234" y="197"/>
          </biouml:BIOUML>
        </annotation>
        <math xmlns="http://www.w3.org/1998/Math/MathML">
          <ci>T_0</ci>
        </math>
      </initialAssignment>
      <initialAssignment metaid="Virus_initial_value" symbol="V">
        <annotation>
          <biouml:BIOUML xmlns:biouml="http://www.biouml.org/ns">
            <biouml:nodeInfo completeName="Virus_initial_value" height="0" isTitleHidden="false" title="Virus_initial_value" width="0" x="840" y="197"/>
          </biouml:BIOUML>
        </annotation>
        <math xmlns="http://www.w3.org/1998/Math/MathML">
          <ci>V_0</ci>
        </math>
      </initialAssignment>
    </listOfInitialAssignments>
    <listOfRules>
      <assignmentRule variable="D_CD8">
        <annotation>
          <biouml:BIOUML xmlns:biouml="http://www.biouml.org/ns">
            <biouml:nodeInfo completeName="CD8_temporal_profile" height="0" isTitleHidden="false" title="CD8_temporal_profile" width="0" x="835" y="5"/>
          </biouml:BIOUML>
        </annotation>
        <math xmlns="http://www.w3.org/1998/Math/MathML">
          <piecewise>
            <piece>
              <apply>
                <exp/>
                <apply>
                  <divide/>
                  <apply>
                    <minus/>
                    <apply>
                      <power/>
                      <apply>
                        <minus/>
                        <csymbol definitionURL="http://www.sbml.org/sbml/symbols/time" encoding="text">time</csymbol>
                        <ci>time_CD8</ci>
                      </apply>
                      <cn>2.0</cn>
                    </apply>
                  </apply>
                  <ci>w_CD8_r</ci>
                </apply>
              </apply>
              <apply>
                <lt/>
                <csymbol definitionURL="http://www.sbml.org/sbml/symbols/time" encoding="text">time</csymbol>
                <ci>time_CD8</ci>
              </apply>
            </piece>
            <piece>
              <apply>
                <exp/>
                <apply>
                  <divide/>
                  <apply>
                    <minus/>
                    <apply>
                      <minus/>
                      <csymbol definitionURL="http://www.sbml.org/sbml/symbols/time" encoding="text">time</csymbol>
                      <ci>time_CD8</ci>
                    </apply>
                  </apply>
                  <ci>w_CD8_f</ci>
                </apply>
              </apply>
              <apply>
                <geq/>
                <csymbol definitionURL="http://www.sbml.org/sbml/symbols/time" encoding="text">time</csymbol>
                <ci>time_CD8</ci>
              </apply>
            </piece>
          </piecewise>
        </math>
      </assignmentRule>
      <assignmentRule variable="D_IgG">
        <annotation>
          <biouml:BIOUML xmlns:biouml="http://www.biouml.org/ns">
            <biouml:nodeInfo completeName="CD8_temporal_profile_1" height="0" isTitleHidden="false" title="IgG_temporal_profile" width="0" x="1249" y="5"/>
          </biouml:BIOUML>
        </annotation>
        <math xmlns="http://www.w3.org/1998/Math/MathML">
          <piecewise>
            <piece>
              <apply>
                <exp/>
                <apply>
                  <divide/>
                  <apply>
                    <minus/>
                    <apply>
                      <power/>
                      <apply>
                        <minus/>
                        <csymbol definitionURL="http://www.sbml.org/sbml/symbols/time" encoding="text">time</csymbol>
                        <ci>time_IgG</ci>
                      </apply>
                      <cn>2.0</cn>
                    </apply>
                  </apply>
                  <ci>w_IgG_r</ci>
                </apply>
              </apply>
              <apply>
                <lt/>
                <csymbol definitionURL="http://www.sbml.org/sbml/symbols/time" encoding="text">time</csymbol>
                <ci>time_IgG</ci>
              </apply>
            </piece>
            <piece>
              <apply>
                <exp/>
                <apply>
                  <divide/>
                  <apply>
                    <minus/>
                    <apply>
                      <minus/>
                      <csymbol definitionURL="http://www.sbml.org/sbml/symbols/time" encoding="text">time</csymbol>
                      <ci>time_IgG</ci>
                    </apply>
                  </apply>
                  <ci>w_IgG_f</ci>
                </apply>
              </apply>
              <apply>
                <geq/>
                <csymbol definitionURL="http://www.sbml.org/sbml/symbols/time" encoding="text">time</csymbol>
                <ci>time_IgG</ci>
              </apply>
            </piece>
          </piecewise>
        </math>
      </assignmentRule>
      <assignmentRule variable="D_IgM">
        <annotation>
          <biouml:BIOUML xmlns:biouml="http://www.biouml.org/ns">
            <biouml:nodeInfo completeName="CD8_temporal_profile_2" height="0" isTitleHidden="false" title="IgM_temporal_profile" width="0" x="1580" y="5"/>
          </biouml:BIOUML>
        </annotation>
        <math xmlns="http://www.w3.org/1998/Math/MathML">
          <piecewise>
            <piece>
              <apply>
                <exp/>
                <apply>
                  <divide/>
                  <apply>
                    <minus/>
                    <apply>
                      <power/>
                      <apply>
                        <minus/>
                        <csymbol definitionURL="http://www.sbml.org/sbml/symbols/time" encoding="text">time</csymbol>
                        <ci>time_IgM</ci>
                      </apply>
                      <cn>2.0</cn>
                    </apply>
                  </apply>
                  <ci>w_IgM_r</ci>
                </apply>
              </apply>
              <apply>
                <lt/>
                <csymbol definitionURL="http://www.sbml.org/sbml/symbols/time" encoding="text">time</csymbol>
                <ci>time_IgM</ci>
              </apply>
            </piece>
            <piece>
              <apply>
                <exp/>
                <apply>
                  <divide/>
                  <apply>
                    <minus/>
                    <apply>
                      <minus/>
                      <csymbol definitionURL="http://www.sbml.org/sbml/symbols/time" encoding="text">time</csymbol>
                      <ci>time_IgM</ci>
                    </apply>
                  </apply>
                  <ci>w_IgM_f</ci>
                </apply>
              </apply>
              <apply>
                <geq/>
                <csymbol definitionURL="http://www.sbml.org/sbml/symbols/time" encoding="text">time</csymbol>
                <ci>time_IgM</ci>
              </apply>
            </piece>
          </piecewise>
        </math>
      </assignmentRule>
      <assignmentRule variable="Target_cells">
        <annotation>
          <biouml:BIOUML xmlns:biouml="http://www.biouml.org/ns">
            <biouml:nodeInfo completeName="Dynamics_target_cells" height="0" isTitleHidden="false" title="Dynamics_target_cells" width="0" x="841" y="260"/>
          </biouml:BIOUML>
        </annotation>
        <math xmlns="http://www.w3.org/1998/Math/MathML">
          <apply>
            <divide/>
            <ci>T</ci>
            <ci>T_0</ci>
          </apply>
        </math>
      </assignmentRule>
      <assignmentRule variable="Virus_count">
        <annotation>
          <biouml:BIOUML xmlns:biouml="http://www.biouml.org/ns">
            <biouml:nodeInfo completeName="Dynamics_virus_count" height="0" isTitleHidden="false" title="Dynamics_virus_count" width="0" x="1029" y="261"/>
          </biouml:BIOUML>
        </annotation>
        <math xmlns="http://www.w3.org/1998/Math/MathML">
          <apply>
            <log/>
            <logbase>
              <cn>10.0</cn>
            </logbase>
            <ci>V</ci>
          </apply>
        </math>
      </assignmentRule>
      <assignmentRule variable="gamma_tau">
        <annotation>
          <biouml:BIOUML xmlns:biouml="http://www.biouml.org/ns">
            <biouml:nodeInfo completeName="Exponential_growth_rate" height="0" isTitleHidden="false" title="Exponential_growth_rate" width="0" x="1462" y="197"/>
          </biouml:BIOUML>
        </annotation>
        <math xmlns="http://www.w3.org/1998/Math/MathML">
          <apply>
            <minus/>
            <apply>
              <root/>
              <apply>
                <divide/>
                <apply>
                  <times/>
                  <apply>
                    <times/>
                    <ci>k_tau</ci>
                    <ci>pi_tau</ci>
                  </apply>
                  <ci>T_0</ci>
                </apply>
                <ci>A_alpha</ci>
              </apply>
            </apply>
            <apply>
              <divide/>
              <apply>
                <plus/>
                <ci>delta_tau</ci>
                <ci>c_tau</ci>
              </apply>
              <cn>2.0</cn>
            </apply>
          </apply>
        </math>
      </assignmentRule>
      <assignmentRule variable="R">
        <annotation>
          <biouml:BIOUML xmlns:biouml="http://www.biouml.org/ns">
            <biouml:nodeInfo completeName="The_basic_reproductive_ratio" height="0" isTitleHidden="false" title="The_basic_reproductive_ratio" width="0" x="1916" y="5"/>
          </biouml:BIOUML>
        </annotation>
        <math xmlns="http://www.w3.org/1998/Math/MathML">
          <apply>
            <times/>
            <apply>
              <times/>
              <ci>R_0</ci>
              <apply>
                <divide/>
                <apply>
                  <times/>
                  <apply>
                    <minus/>
                    <cn>1.0</cn>
                    <ci>eps_k</ci>
                  </apply>
                  <apply>
                    <minus/>
                    <cn>1.0</cn>
                    <ci>eps_pi</ci>
                  </apply>
                </apply>
                <apply>
                  <times/>
                  <apply>
                    <minus/>
                    <cn>1.0</cn>
                    <ci>eps_c</ci>
                  </apply>
                  <apply>
                    <minus/>
                    <cn>1.0</cn>
                    <ci>eps_delta</ci>
                  </apply>
                </apply>
              </apply>
            </apply>
            <apply>
              <divide/>
              <ci>T</ci>
              <ci>T_0</ci>
            </apply>
          </apply>
        </math>
      </assignmentRule>
      <assignmentRule variable="time_real">
        <annotation>
          <biouml:BIOUML xmlns:biouml="http://www.biouml.org/ns">
            <biouml:nodeInfo completeName="time_real" height="0" isTitleHidden="false" title="time_real" width="0" x="1234" y="260"/>
          </biouml:BIOUML>
        </annotation>
        <math xmlns="http://www.w3.org/1998/Math/MathML">
          <apply>
            <times/>
            <csymbol definitionURL="http://www.sbml.org/sbml/symbols/time" encoding="text">time</csymbol>
            <apply>
              <divide/>
              <ci>tau</ci>
              <cn>24.0</cn>
            </apply>
          </apply>
        </math>
      </assignmentRule>
    </listOfRules>
    <listOfReactions>
      <reaction id="R_death_infected_cells" name="I -D_CD8-&gt;" reversible="false">
        <annotation>
          <biouml:BIOUML xmlns:biouml="http://www.biouml.org/ns">
            <biouml:reactionInfo/>
            <biouml:nodeInfo completeName="R_death_infected_cells" height="0" isTitleHidden="false" title="I -D_CD8-&gt;" width="0" x="695" y="106"/>
          </biouml:BIOUML>
        </annotation>
        <listOfReactants>
          <speciesReference constant="false" species="I" stoichiometry="1">
            <annotation>
              <biouml:BIOUML xmlns:biouml="http://www.biouml.org/ns">
                <biouml:edgeInfo edgeID="R_death_infected_cells: I as reactant" inPort="675;60" outPort="702;106" title="R_death_infected_cells: I as reactant">
                  <path>
                    <segment segmentType="moveTo" x0="675" y0="60"/>
                    <segment segmentType="lineTo" x0="689" y0="60"/>
                    <segment segmentType="quadric" x0="702" y0="60"/>
                    <segment segmentType="lineTo" x0="702" y0="83"/>
                    <segment segmentType="lineTo" x0="702" y0="106"/>
                  </path>
                </biouml:edgeInfo>
              </biouml:BIOUML>
            </annotation>
          </speciesReference>
        </listOfReactants>
        <listOfModifiers>
          <modifierSpeciesReference species="D_CD8">
            <annotation>
              <biouml:BIOUML xmlns:biouml="http://www.biouml.org/ns">
                <biouml:edgeInfo edgeID="R_death_infected_cells: D_CD8 as modifier" inPort="647;210" outPort="702;121" title="R_death_infected_cells: D_CD8 as modifier">
                  <path>
                    <segment segmentType="moveTo" x0="647" y0="210"/>
                    <segment segmentType="lineTo" x0="675" y0="210"/>
                    <segment segmentType="quadric" x0="702" y0="210"/>
                    <segment segmentType="lineTo" x0="702" y0="166"/>
                    <segment segmentType="lineTo" x0="702" y0="121"/>
                  </path>
                  <property name="sbgn:edgeType" short-description="sbgn:edgeType" type="String" value="catalysis"/>
                </biouml:edgeInfo>
              </biouml:BIOUML>
            </annotation>
          </modifierSpeciesReference>
        </listOfModifiers>
        <kineticLaw>
          <math xmlns="http://www.w3.org/1998/Math/MathML">
            <apply>
              <times/>
              <apply>
                <plus/>
                <apply>
                  <times/>
                  <apply>
                    <minus/>
                    <cn>1.0</cn>
                    <ci>eps_delta</ci>
                  </apply>
                  <ci>delta_tau</ci>
                </apply>
                <apply>
                  <times/>
                  <ci>k_CD8</ci>
                  <ci>D_CD8</ci>
                </apply>
              </apply>
              <ci>I</ci>
            </apply>
          </math>
        </kineticLaw>
      </reaction>
      <reaction id="R_death_target_cells" name="T -&gt;" reversible="false">
        <annotation>
          <biouml:BIOUML xmlns:biouml="http://www.biouml.org/ns">
            <biouml:reactionInfo/>
            <biouml:nodeInfo completeName="R_death_target_cells" height="0" isTitleHidden="false" title="T -&gt;" width="0" x="149" y="103"/>
          </biouml:BIOUML>
        </annotation>
        <listOfReactants>
          <speciesReference constant="false" species="T" stoichiometry="1">
            <annotation>
              <biouml:BIOUML xmlns:biouml="http://www.biouml.org/ns">
                <biouml:edgeInfo edgeID="R_death_target_cells: T as reactant" inPort="290;87" outPort="164;110" title="R_death_target_cells: T as reactant">
                  <path>
                    <segment segmentType="moveTo" x0="290" y0="87"/>
                    <segment segmentType="lineTo" x0="290" y0="99"/>
                    <segment segmentType="quadric" x0="290" y0="110"/>
                    <segment segmentType="lineTo" x0="227" y0="110"/>
                    <segment segmentType="lineTo" x0="164" y0="110"/>
                  </path>
                </biouml:edgeInfo>
              </biouml:BIOUML>
            </annotation>
          </speciesReference>
        </listOfReactants>
        <kineticLaw>
          <math xmlns="http://www.w3.org/1998/Math/MathML">
            <apply>
              <times/>
              <ci>d_tau</ci>
              <ci>T</ci>
            </apply>
          </math>
        </kineticLaw>
      </reaction>
      <reaction id="R_death_virus" name="V -D_IgG, D_IgM-&gt;" reversible="false">
        <annotation>
          <biouml:BIOUML xmlns:biouml="http://www.biouml.org/ns">
            <biouml:reactionInfo/>
            <biouml:nodeInfo completeName="R_death_virus" height="0" isTitleHidden="false" title="V -D_IgG, D_IgM-&gt;" width="0" x="155" y="145"/>
          </biouml:BIOUML>
        </annotation>
        <listOfReactants>
          <speciesReference constant="false" species="V" stoichiometry="1">
            <annotation>
              <biouml:BIOUML xmlns:biouml="http://www.biouml.org/ns">
                <biouml:edgeInfo edgeID="R_death_virus: V as reactant" inPort="440;195" outPort="170;152" title="R_death_virus: V as reactant">
                  <path>
                    <segment segmentType="moveTo" x0="440" y0="195"/>
                    <segment segmentType="lineTo" x0="440" y0="173"/>
                    <segment segmentType="quadric" x0="440" y0="152"/>
                    <segment segmentType="lineTo" x0="305" y0="152"/>
                    <segment segmentType="lineTo" x0="170" y0="152"/>
                  </path>
                </biouml:edgeInfo>
              </biouml:BIOUML>
            </annotation>
          </speciesReference>
        </listOfReactants>
        <listOfModifiers>
          <modifierSpeciesReference species="D_IgG">
            <annotation>
              <biouml:BIOUML xmlns:biouml="http://www.biouml.org/ns">
                <biouml:edgeInfo edgeID="R_death_virus: D_IgG as modifier" inPort="220;190" outPort="170;152" title="R_death_virus: D_IgG as modifier">
                  <path>
                    <segment segmentType="moveTo" x0="220" y0="190"/>
                    <segment segmentType="lineTo" x0="220" y0="171"/>
                    <segment segmentType="quadric" x0="220" y0="152"/>
                    <segment segmentType="lineTo" x0="195" y0="152"/>
                    <segment segmentType="lineTo" x0="170" y0="152"/>
                  </path>
                  <property name="sbgn:edgeType" short-description="sbgn:edgeType" type="String" value="catalysis"/>
                </biouml:edgeInfo>
              </biouml:BIOUML>
            </annotation>
          </modifierSpeciesReference>
          <modifierSpeciesReference species="D_IgM">
            <annotation>
              <biouml:BIOUML xmlns:biouml="http://www.biouml.org/ns">
                <biouml:edgeInfo edgeID="R_death_virus: D_IgM as modifier" inPort="135;210" outPort="162;160" title="R_death_virus: D_IgM as modifier">
                  <path>
                    <segment segmentType="moveTo" x0="135" y0="210"/>
                    <segment segmentType="lineTo" x0="149" y0="210"/>
                    <segment segmentType="quadric" x0="162" y0="210"/>
                    <segment segmentType="lineTo" x0="162" y0="185"/>
                    <segment segmentType="lineTo" x0="162" y0="160"/>
                  </path>
                  <property name="sbgn:edgeType" short-description="sbgn:edgeType" type="String" value="catalysis"/>
                </biouml:edgeInfo>
              </biouml:BIOUML>
            </annotation>
          </modifierSpeciesReference>
        </listOfModifiers>
        <kineticLaw>
          <math xmlns="http://www.w3.org/1998/Math/MathML">
            <apply>
              <times/>
              <apply>
                <plus/>
                <apply>
                  <plus/>
                  <apply>
                    <times/>
                    <apply>
                      <minus/>
                      <cn>1.0</cn>
                      <ci>eps_c</ci>
                    </apply>
                    <ci>c_tau</ci>
                  </apply>
                  <apply>
                    <times/>
                    <ci>k_IgG</ci>
                    <ci>D_IgG</ci>
                  </apply>
                </apply>
                <apply>
                  <times/>
                  <ci>k_IgM</ci>
                  <ci>D_IgM</ci>
                </apply>
              </apply>
              <ci>V</ci>
            </apply>
          </math>
        </kineticLaw>
      </reaction>
      <reaction id="R_infection_uninfected_target_cells" name="T -V-&gt; I" reversible="false">
        <annotation>
          <biouml:BIOUML xmlns:biouml="http://www.biouml.org/ns">
            <biouml:reactionInfo/>
            <biouml:nodeInfo completeName="R_infection_uninfected_target_cells" height="0" isTitleHidden="false" title="T -V-&gt; I" width="0" x="438" y="60"/>
          </biouml:BIOUML>
        </annotation>
        <listOfReactants>
          <speciesReference constant="false" species="T" stoichiometry="1">
            <annotation>
              <biouml:BIOUML xmlns:biouml="http://www.biouml.org/ns">
                <biouml:edgeInfo edgeID="R_infection_uninfected_target_cells: T as reactant" inPort="347;67" outPort="438;67" title="R_infection_uninfected_target_cells: T as reactant"/>
              </biouml:BIOUML>
            </annotation>
          </speciesReference>
        </listOfReactants>
        <listOfProducts>
          <speciesReference constant="false" species="I" stoichiometry="1">
            <annotation>
              <biouml:BIOUML xmlns:biouml="http://www.biouml.org/ns">
                <biouml:edgeInfo edgeID="R_infection_uninfected_target_cells: I as product" inPort="453;67" outPort="548;67" title="R_infection_uninfected_target_cells: I as product"/>
              </biouml:BIOUML>
            </annotation>
          </speciesReference>
        </listOfProducts>
        <listOfModifiers>
          <modifierSpeciesReference species="V">
            <annotation>
              <biouml:BIOUML xmlns:biouml="http://www.biouml.org/ns">
                <biouml:edgeInfo edgeID="R_infection_uninfected_target_cells: V as modifier" inPort="445;195" outPort="445;75" title="R_infection_uninfected_target_cells: V as modifier">
                  <property name="sbgn:edgeType" short-description="sbgn:edgeType" type="String" value="catalysis"/>
                </biouml:edgeInfo>
              </biouml:BIOUML>
            </annotation>
          </modifierSpeciesReference>
        </listOfModifiers>
        <kineticLaw>
          <math xmlns="http://www.w3.org/1998/Math/MathML">
            <apply>
              <times/>
              <apply>
                <times/>
                <apply>
                  <times/>
                  <apply>
                    <minus/>
                    <cn>1.0</cn>
                    <ci>eps_k</ci>
                  </apply>
                  <apply>
                    <divide/>
                    <ci>k_tau</ci>
                    <ci>A_alpha</ci>
                  </apply>
                </apply>
                <ci>T</ci>
              </apply>
              <ci>V</ci>
            </apply>
          </math>
        </kineticLaw>
      </reaction>
      <reaction id="R_regeneratation_target_cells" name="-&gt; T" reversible="false">
        <annotation>
          <biouml:BIOUML xmlns:biouml="http://www.biouml.org/ns">
            <biouml:reactionInfo/>
            <biouml:nodeInfo completeName="R_regeneratation_target_cells" height="0" isTitleHidden="false" title="-&gt; T" width="0" x="148" y="60"/>
          </biouml:BIOUML>
        </annotation>
        <listOfProducts>
          <speciesReference constant="false" species="T" stoichiometry="1">
            <annotation>
              <biouml:BIOUML xmlns:biouml="http://www.biouml.org/ns">
                <biouml:edgeInfo edgeID="R_regeneratation_target_cells: T as product" inPort="163;67" outPort="235;67" title="R_regeneratation_target_cells: T as product"/>
              </biouml:BIOUML>
            </annotation>
          </speciesReference>
        </listOfProducts>
        <kineticLaw>
          <math xmlns="http://www.w3.org/1998/Math/MathML">
            <apply>
              <times/>
              <ci>d_tau</ci>
              <ci>T_0</ci>
            </apply>
          </math>
        </kineticLaw>
      </reaction>
      <reaction id="R_virus_production" name="-I-&gt; V" reversible="false">
        <annotation>
          <biouml:BIOUML xmlns:biouml="http://www.biouml.org/ns">
            <biouml:reactionInfo/>
            <biouml:nodeInfo completeName="R_virus_production" height="0" isTitleHidden="false" title="-I-&gt; V" width="0" x="518" y="106"/>
          </biouml:BIOUML>
        </annotation>
        <listOfProducts>
          <speciesReference constant="false" species="V" stoichiometry="1">
            <annotation>
              <biouml:BIOUML xmlns:biouml="http://www.biouml.org/ns">
                <biouml:edgeInfo edgeID="R_virus_production: V as product" inPort="525;121" outPort="480;210" title="R_virus_production: V as product">
                  <path>
                    <segment segmentType="moveTo" x0="525" y0="121"/>
                    <segment segmentType="lineTo" x0="525" y0="166"/>
                    <segment segmentType="quadric" x0="525" y0="210"/>
                    <segment segmentType="lineTo" x0="503" y0="210"/>
                    <segment segmentType="lineTo" x0="480" y0="210"/>
                  </path>
                </biouml:edgeInfo>
              </biouml:BIOUML>
            </annotation>
          </speciesReference>
        </listOfProducts>
        <listOfModifiers>
          <modifierSpeciesReference species="I">
            <annotation>
              <biouml:BIOUML xmlns:biouml="http://www.biouml.org/ns">
                <biouml:edgeInfo edgeID="R_virus_production: I as modifier" inPort="610;87" outPort="533;113" title="R_virus_production: I as modifier">
                  <path>
                    <segment segmentType="moveTo" x0="610" y0="87"/>
                    <segment segmentType="lineTo" x0="610" y0="100"/>
                    <segment segmentType="quadric" x0="610" y0="113"/>
                    <segment segmentType="lineTo" x0="572" y0="113"/>
                    <segment segmentType="lineTo" x0="533" y0="113"/>
                  </path>
                  <property name="sbgn:edgeType" short-description="sbgn:edgeType" type="String" value="catalysis"/>
                </biouml:edgeInfo>
              </biouml:BIOUML>
            </annotation>
          </modifierSpeciesReference>
        </listOfModifiers>
        <kineticLaw>
          <math xmlns="http://www.w3.org/1998/Math/MathML">
            <apply>
              <times/>
              <apply>
                <times/>
                <apply>
                  <minus/>
                  <cn>1.0</cn>
                  <ci>eps_pi</ci>
                </apply>
                <ci>pi_tau</ci>
              </apply>
              <ci>I</ci>
            </apply>
          </math>
        </kineticLaw>
      </reaction>
    </listOfReactions>
  </model>
</sbml>
